-85.48127,32.60832
-85.48078,32.60986
-86.77408,33.52456
-86.78923,33.36424
-86.79376,33.51456
-86.00552,34.01565
-86.81189,33.50713
-86.81151,33.52028
-86.8471,33.4131
-85.3948,31.1487
-86.54496,34.62129
-86.59413,34.69475
-86.58474,34.73089
-86.59201,34.69238
-86.6037,34.72253
-85.75109,33.82457
-86.74858,34.69381
-88.0434,30.69135
-86.26013,32.41409
-85.00077,32.47098
-149.89625,61.21757
-149.87792,61.14885
-149.8996,61.21658
-149.89645,61.21955
-149.84434,61.14727
-149.84345,61.22247
-149.89587,61.21954
-147.75974,64.84863
-147.62716,64.95457
-135.46116,59.23208
-149.14053,64.01029
-151.50851,59.63913
-134.48917,58.35695
-151.31098,60.66379
-131.81759,55.47237
-152.41017,57.78752
-149.10588,61.58173
-135.30787,57.04999
-135.35081,57.06696
-135.30723,59.45947
-151.04635,60.49212
-151.06939,60.49352
-150.11598,62.32524
-149.43941,61.58136
-111.56396,33.40729
-109.91352,31.44284
-112.52841,33.43036
-111.9452,33.83186
-111.90042,33.30556
-111.84551,33.30459
-111.65141,35.19618
-111.64896,35.19743
-111.64871,35.1968
-111.58626,35.2187
-111.65212,35.19692
-111.74378,33.2976
-111.74353,33.30686
-112.22952,33.64028
-112.20164,33.66726
-112.22331,33.63831
-114.25912,34.45814
-114.34572,34.50764
-114.34301,34.46949
-111.83591,33.4153
-111.87395,33.58246
-112.06647,33.56806
-111.97729,33.6775
-111.97604,33.31793
-112.01698,33.44821
-112.26699,33.55158
-112.11326,33.45249
-112.06866,33.50954
-112.47056,34.5419
-111.89098,33.62861
-111.89167,33.64
-111.92605,33.46566
-111.85495,33.72671
-111.85495,33.72671
-111.89164,33.62545
-111.76181,34.86112
-111.79608,34.86618
-109.28771,34.13492
-111.93495,33.42544
-111.91593,33.41944
-111.93998,33.42862
-111.90418,33.42303
-110.07302,31.71399
-110.94665,32.2358
-110.95924,32.21469
-110.97811,32.28412
-110.97046,32.22594
-111.00583,32.24929
-110.9585,32.23184
-110.97674,32.28343
-110.91123,32.18529
-111.01281,32.34057
-110.79569,32.25694
-112.18873,35.2504
-94.15792,36.0632
-94.16507,36.08809
-94.16459,36.06642
-94.11716,36.09626
-94.16034,36.06162
-92.26551,34.74744
-94.05664,36.27632
-94.0511,36.24688
-92.28385,34.74768
-92.31854,34.73102
-94.11716,36.09626
-92.2813,34.74351
-94.133478,36.20629
-117.40982,34.55929
-118.7629,34.14347
-118.77862,34.14562
-118.12798,34.09442
-117.7235,33.57469
-116.76319,32.83545
-117.87734,33.806
-117.91251,33.83263
-117.88298,33.80839
-122.39333,40.4409
-121.78529,37.96776
-117.24347,34.46904
-124.08821,40.85505
-120.369,38.20699
-120.58656,35.08061
-120.66764,35.48776
-121.07825,38.89556
-119.07679,35.3166
-119.1098,35.27781
-122.26628,37.5205
-122.26699,37.52088
-122.26582,37.52164
-122.25886,37.86346
-122.26788,37.86978
-122.30028,37.87959
-122.26852,37.87338
-122.30294,37.87697
-122.34631,37.58024
-116.92364,34.23895
-120.60855,39.77863
-123.9942,40.87873
-123.35685,39.00001
-123.35685,39.00001
-122.12157,37.12357
-117.8891,33.91383
-117.90023,33.91658
-122.4019,37.6863
-120.2023,34.61066
-118.31703,34.17353
-118.30824,34.18055
-122.57977,38.57688
-119.04664,34.21796
-120.67198,38.74879
-120.67993,38.7538
-121.94624,37.28689
-117.27489,33.14158
-117.31346,33.12407
-117.27362,33.13873
-117.34791,33.16003
-121.8395,36.4478
-119.52102,34.39591
-118.61706,34.49952
-120.89134,35.43921
-118.02906,33.87667
-118.59329,34.24644
-121.84823,39.72462
-121.81545,39.72368
-117.69342,33.99586
-117.08317,32.60084
-116.955,32.65244
-117.70185,34.10897
-123.01033,38.78165
-123.01665,38.80539
-120.96461,39.10065
-122.03075,38.01431
-122.02823,37.95128
-122.02854,37.95161
-117.6158,33.8864
-117.56524,33.88326
-117.56756,33.87554
-117.50789,33.81416
-117.17299,32.69778
-117.87418,33.67412
-124.20025,41.74904
-121.72408,38.54699
-118.13637,33.94484
-122.2718,41.21196
-117.15418,34.1137
-122.13667,37.45845
-116.96279,32.79551
-122.29473,37.90041
-122.30315,37.90185
-118.01242,34.06161
-118.41557,33.91769
-121.39735,38.42066
-122.28574,37.83157
-118.50126,34.16315
-117.08031,33.12223
-117.05602,33.13378
-117.12027,33.11565
-117.08737,33.11872
-122.8858,41.45687
-124.16495,40.80293
-122.5855,37.98667
-122.08433,38.23772
-122.05934,38.25813
-121.16329,38.68159
-121.17839,38.68357
-117.66439,33.68002
-123.80588,39.44607
-116.71063,35.2629
-124.15233,40.57886
-117.95481,33.6892
-121.95559,37.50293
-121.98797,37.54393
-119.86182,36.78548
-119.79081,36.72672
-119.80228,36.75767
-119.76261,36.87113
-119.78829,36.73106
-117.93304,33.8678
-122.7743,38.4917
-123.7956,40.10394
-121.56594,37.0011
-122.47317,38.35696
-119.87345,34.42805
-122.98762,38.50864
-122.48543,37.50378
-119.6457,36.32681
-122.08129,37.6739
-122.06892,37.68304
-122.0827,37.6707
-122.87075,38.61105
-122.86325,38.63915
-118.39529,33.85849
-118.39929,33.8633
-117.39678,34.41578
-123.11578,38.96866
-117.98864,33.72977
-118.00164,33.72286
-118.0015,33.67747
-124.08706,40.54536
-117.87222,35.66746
-117.78726,33.70503
-117.85165,33.68473
-117.84018,33.64955
-117.93473,34.12174
-116.32403,34.11212
-116.60363,33.07918
-122.78623,38.99894
-118.41853,35.75693
-117.27367,32.84683
-117.2739,32.84079
-117.2339,32.87135
-117.64562,33.5643
-117.7835,33.54214
-117.78349,33.54326
-117.71037,33.61278
-117.33987,33.68682
-118.14562,34.66031
-118.14323,34.69776
-122.51002,37.94816
-119.89105,36.26323
-121.29204,38.89156
-121.27391,38.1326
-118.14794,33.7596
-118.1911,33.77048
-118.19239,33.76711
-121.19045,38.83194
-122.12661,37.39343
-118.2381,34.0629
-118.23762,34.04624
-118.25603,34.05345
-118.24327,34.11486
-118.43066,34.04259
-118.27496,34.15115
-118.21853,34.07859
-118.2302,34.02088
-118.24106,34.01555
-118.23909,34.0492
-118.25615,34.05152
-121.98264,37.22524
-120.10107,37.00141
-121.57765,39.84084
-119.00044,37.63103
-121.21625,37.79743
-121.80356,36.68006
-119.96468,37.48482
-119.9491,37.46293
-122.13766,38.01766
-122.09302,37.95829
-124.1008,40.92696
-120.48367,37.30275
-120.35514,37.29586
-122.61554,38.75209
-122.54954,37.90537
-117.67495,33.61969
-120.98254,37.63798
-121.00413,37.64146
-120.70591,38.30118
-121.90105,36.6156
-121.89463,36.6024
-118.87183,34.28259
-117.27037,33.91306
-117.25985,33.91726
-121.6546,37.13033
-122.08073,37.39451
-120.45408,38.13581
-117.17293,33.53427
-122.28495,38.29856
-122.25697,38.22545
-121.02153,39.25008
-121.02533,39.25284
-121.01754,39.26326
-118.97626,34.15758
-117.90778,33.62916
-117.92997,33.61431
-117.86414,33.66741
-120.43566,34.99621
-122.53824,38.07484
-122.54008,38.06527
-122.55659,38.09434
-122.54288,38.07409
-122.25636,37.80914
-122.2714,37.80485
-122.28751,37.79937
-122.2404,37.78199
-122.27457,37.80145
-117.27244,33.21394
-117.37879,33.19507
-117.61655,34.04031
-117.89528,33.78131
-117.86251,33.81154
-117.83719,33.82605
-121.22402,38.67726
-120.44785,34.86278
-120.44832,34.86371
-121.52141,39.46572
-121.55181,39.51294
-119.18022,34.23702
-119.1423,34.20652
-122.48861,37.63226
-122.1608,37.44345
-122.07166,37.41329
-118.38775,33.80057
-118.15192,34.14497
-118.15943,34.16772
-118.15192,34.14497
-118.15194,34.14648
-120.69468,35.59591
-120.68879,35.62586
-122.63892,38.2364
-122.66293,38.27168
-122.62691,38.26407
-120.64049,35.14155
-121.88222,38.03316
-121.88251,38.03302
-117.87996,33.86144
-120.89197,38.78374
-120.79855,38.72963
-120.83605,38.7259
-121.87426,37.6645
-121.87411,37.66441
-117.04332,32.93493
-116.88892,33.07115
-121.27097,38.60293
-117.54658,34.10635
-116.41231,33.7414
-117.60955,33.6366
-117.60944,33.63614
-117.14818,34.08343
-122.38611,40.57293
-122.31037,40.65801
-122.39168,40.5862
-118.3875,33.81699
-117.36944,34.10639
-122.3582,37.91155
-121.69275,38.16062
-117.41582,33.92083
-117.4388,33.95351
-117.37027,33.98136
-117.34864,34.00375
-121.21713,38.7866
-121.25851,38.80092
-121.25715,38.76235
-121.27923,38.79192
-121.29981,38.76668
-121.48697,38.58095
-121.42959,38.55518
-121.48987,38.56075
-121.4974,38.55087
-121.49354,38.57909
-121.49997,38.5808
-121.48125,38.57335
-121.48187,38.53896
-122.49715,38.52448
-121.65527,36.67627
-122.57479,37.99835
-122.42067,37.63594
-117.58957,33.45754
-117.61371,33.42867
-117.1845,32.74253
-117.18174,32.87895
-117.14408,32.89156
-117.2543,32.79122
-117.12015,32.76359
-117.19523,32.76738
-117.11115,32.89892
-117.12015,32.76359
-117.14697,32.70534
-117.14558,32.91274
-117.15179,32.88482
-117.15343,32.76702
-117.17781,32.90729
-117.14958,32.89067
-117.20286,32.89592
-117.16739,32.71733
-117.00267,32.57033
-117.14871,32.70734
-117.14936,32.71385
-117.22955,32.82548
-117.1845,32.74253
-117.09004,32.96611
-117.12898,32.77952
-117.25544,32.79444
-117.2503,32.74807
-117.16093,32.71246
-117.17112,32.88365
-117.09824,32.79151
-117.05161,32.77725
-117.15895,32.7158
-117.12958,32.75515
-117.17615,32.90058
-122.39269,37.78233
-122.37538,37.73166
-122.38835,37.75953
-122.40054,37.7636
-122.51062,37.76891
-122.4411,37.73522
-122.45289,37.78166
-122.44912,37.7763
-122.46609,37.76347
-122.44615,37.77583
-122.38859,37.78953
-122.44534,37.77023
-122.40154,37.80194
-122.43855,37.75185
-122.40295,37.77922
-122.40818,37.79118
-122.46815,37.78276
-122.40531,37.79698
-122.41872,37.74812
-122.4662,37.76351
-122.41958,37.76237
-122.41405,37.76013
-122.38095,37.73869
-122.39959,37.78555
-122.45289,37.78166
-122.46629,37.76356
-121.86342,37.25046
-121.88873,37.33467
-121.8926,37.35271
-121.8661,37.31489
-121.93177,37.28991
-121.89378,37.33632
-117.66529,33.49557
-122.18096,37.718
-120.65548,35.28571
-120.66494,35.27941
-120.66354,35.2792
-120.64507,35.2443
-117.14965,33.14012
-117.19226,33.14316
-117.19012,33.13428
-117.21942,33.10407
-118.28417,33.73875
-122.52862,37.97323
-122.5259,37.97211
-122.50371,37.96326
-121.9762,37.77505
-121.91858,37.77488
-117.86763,33.74642
-119.69566,34.4124
-119.74515,34.44042
-119.69551,34.41686
-119.68764,34.42243
-119.69195,34.41443
-118.46467,34.41575
-122.04811,36.95909
-122.00835,36.9676
-122.0386,36.98665
-122.03008,36.98144
-120.61304,35.38892
-122.71192,38.44137
-122.71274,38.43993
-116.97958,32.83211
-124.1027,40.48365
-122.82279,38.40117
-122.82279,38.39935
-122.38616,40.65779
-117.27186,32.99235
-120.1366,34.5958
-120.14357,34.5963
-122.47349,38.29345
-121.96493,36.98631
-119.98475,38.92624
-120.01503,38.9205
-120.00324,38.91589
-119.9428,38.95773
-121.32234,37.95525
-121.2958,37.97397
-121.99239,37.38689
-122.02992,37.37745
-121.99201,37.40444
-120.1443,39.16765
-118.53005,34.16594
-117.17817,33.51185
-117.14939,33.52445
-117.16961,33.51876
-118.87102,34.19639
-118.31144,33.84162
-118.30938,33.84621
-118.31604,33.83537
-118.33823,33.81236
-120.17945,39.32631
-120.88373,37.48401
-120.86012,37.47975
-117.81094,33.74948
-123.19999,39.12934
-123.20763,39.14998
-118.35263,34.13279
-117.67802,34.09614
-117.64866,34.09695
-121.96513,38.3624
-118.55313,34.44554
-122.19232,38.10242
-118.47666,34.22126
-118.46489,33.99359
-119.2936,34.28072
-119.24411,34.27856
-119.23112,34.25777
-119.29102,36.33017
-119.29251,36.33016
-117.22969,33.14992
-117.24518,33.20002
-117.23705,33.15551
-117.22026,33.16767
-117.23813,33.14547
-117.22534,33.13576
-117.25386,33.1893
-117.22683,33.23045
-122.06207,37.89902
-121.79215,36.95062
-122.38942,41.41552
-117.88355,34.07467
-122.00325,38.51376
-118.59738,34.18748
-118.60626,34.18761
-121.61511,39.13734
-105.86597,37.46817
-105.08149,39.79724
-105.08381,39.80203
-106.8174,39.1942
-104.86592,39.69107
-104.80614,39.59382
-104.81175,39.653
-106.53306,39.65247
-107.59707,37.23445
-107.59785,37.23537
-105.07895,40.30508
-105.07611,40.31081
-105.20536,40.06003
-105.21917,40.01471
-105.28098,40.01769
-105.2476,40.02714
-105.27877,40.01844
-105.25297,40.04697
-105.30324,40.02465
-105.2378,40.0237
-105.27883,40.01863
-105.2756,40.0188
-105.28207,40.04691
-105.25406,39.96592
-105.27883,40.01863
-105.24915,39.9846
-105.25079,40.0201
-105.27972,40.06316
-105.28064,40.01666
-105.28069,40.01805
-106.04419,39.47597
-104.82225,39.98442
-105.07837,39.90994
-105.13243,39.92691
-105.13088,39.92996
-106.14237,38.83892
-105.24183,38.43998
-105.2415,38.44033
-107.21303,39.40072
-104.92172,39.48852
-104.86888,39.40955
-105.51259,39.80029
-104.78094,38.83875
-104.82596,38.81014
-104.82624,38.81
-104.8117,38.99327
-104.81812,38.89006
-104.81176,38.86178
-104.76236,38.83601
-104.82516,38.83402
-104.82177,38.83311
-104.71664,38.84117
-104.85411,38.89664
-104.82631,38.82657
-108.58483,37.34864
-106.98708,38.86974
-106.98727,38.86974
-106.35473,37.678
-104.99048,39.74396
-105.04245,39.72238
-104.97296,39.76986
-105.00021,39.72365
-104.93282,39.70381
-104.84337,39.77221
-104.89048,39.69246
-104.97146,39.66839
-105.00494,39.67672
-105.00648,39.75867
-104.99758,39.75486
-104.98842,39.75347
-105.04482,39.75848
-104.99528,39.75358
-104.98056,39.76454
-104.96222,39.74325
-104.99042,39.73684
-105.00667,39.76138
-104.99921,39.73052
-104.98911,39.75854
-104.99476,39.74727
-104.99263,39.75566
-105.01522,39.73721
-104.95308,39.77048
-104.99227,39.74004
-104.98044,39.73993
-104.98766,39.71996
-104.98269,39.73981
-105.01769,39.72072
-104.99776,39.75321
-106.05908,39.62815
-106.04626,39.62828
-108.49648,37.47439
-107.88028,37.27471
-107.87217,37.29756
-107.85219,37.32414
-107.87613,37.23931
-107.87992,37.27227
-103.21764,38.07159
-106.59155,39.64699
-106.59579,39.64356
-105.00462,39.63226
-104.87751,39.56608
-105.52561,40.37158
-105.00185,40.62005
-105.07707,40.56683
-105.0765,40.59009
-105.1022,40.57459
-105.07452,40.58447
-105.07522,40.5872
-105.04222,40.58342
-105.07555,40.58652
-105.05852,40.58926
-105.08442,40.58526
-105.07183,40.59106
-105.06029,40.58879
-104.9435,40.11136
-106.0936,39.57656
-107.32452,39.54784
-105.21843,39.75577
-105.22257,39.75468
-105.16222,39.73312
-108.55235,39.08523
-108.56602,39.06737
-105.82114,40.25186
-104.68739,40.43132
-104.6969,40.39731
-106.92839,38.54443
-106.9269,38.54483
-106.90822,39.63767
-104.98803,39.56229
-105.51806,39.74178
-105.94461,39.6067
-105.09006,40.05023
-105.13792,39.70411
-105.01136,37.50362
-106.29192,39.24968
-105.07285,39.5839
-105.08614,39.60966
-105.01993,39.61182
-104.89568,39.56296
-105.10252,40.16394
-105.11545,40.15877
-105.12259,40.13893
-105.10251,40.16805
-105.13204,39.97738
-105.12918,39.97697
-105.17084,39.96802
-105.11447,40.40788
-105.04569,40.3974
-105.07745,40.39549
-104.98773,40.41068
-105.2675,40.22463
-107.87137,38.48272
-107.86388,38.45091
-104.85934,39.09446
-105.50911,39.96188
-105.16901,40.09564
-104.99176,39.8853
-108.28671,38.13075
-107.67269,38.0238
-107.67145,38.0229
-107.07895,37.2552
-107.00422,37.26893
-108.35321,39.11169
-107.59781,38.86897
-104.76851,39.52686
-104.68371,39.52181
-106.0653,38.51817
-104.63685,38.259
-104.60722,38.26974
-107.75762,38.15243
-107.78696,39.53265
-105.99222,38.53517
-105.99352,38.53486
-105.99308,38.53721
-107.66481,37.80976
-107.66336,37.81273
-106.83068,40.48381
-107.81118,37.9361
-107.88153,37.94481
-104.50125,37.1708
-105.0011,39.91408
-104.99292,39.94459
-105.06258,39.86692
-104.93581,40.47948
-104.90105,40.47944
-105.78665,39.92337
-105.76439,39.92263
-105.77537,39.88865
-105.05404,38.99407
-72.71011,41.80875
-72.83679,41.27628
-73.48733,41.14418
-73.46671,41.07869
-72.46072,41.45313
-72.60001,41.78501
-72.79224,41.96611
-72.92269,41.36449
-72.67297,41.76808
-72.58974,41.33167
-72.55608,41.80449
-72.7787,41.6657
-72.93004,41.30619
-72.72334,41.65944
-73.14405,41.47658
-71.83451,41.37056
-72.8672,41.66664
-73.2776,41.13947
-73.54079,41.05388
-73.54965,41.0393
-73.14191,41.18549
-73.12124,41.80214
-72.11338,41.42808
-72.72459,41.75473
-72.21732,41.71286
-73.41646,41.17173
-73.43029,41.2061
-72.6437,41.8526
-72.64412,41.85075
-72.9816,41.3388
-75.66127,39.63515
-75.57414,38.4604
-75.48815,39.15436
-75.48815,39.15435
-75.37904,38.67797
-75.60163,39.7838
-75.31162,38.77272
-75.65528,39.66139
-75.08705,38.71542
-75.5776,39.75302
-75.56177,39.73408
-77.01263,38.96749
-77.04188,38.92125
-77.00902,38.89743
-77.02739,38.90091
-76.99472,38.92599
-76.96044,38.92963
-77.02196,38.89623
-77.0009,38.91973
-77.03068,38.89829
-77.024,38.89736
-77.04221,38.90702
-77.03218,38.96893
-77.03425,38.9136
-82.72848,27.52764
-81.39641,30.32489
-80.10087,26.59599
-80.12379,26.42357
-80.12642,26.36811
-80.07686,26.37462
-80.09092,26.5334
-80.07499,26.55627
-82.57533,27.46032
-80.6088,28.32119
-80.28368,25.7098
-80.25278,26.25364
-86.60073,30.71747
-80.25872,26.10077
-86.54648,30.39197
-82.78789,28.01416
-82.78981,28.01703
-82.78725,28.00503
-81.46286,30.67219
-83.92617,34.18546
-80.18192,26.07326
-80.1399,26.10336
-81.80155,27.73891
-81.8718,26.58678
-82.3245,29.65031
-82.38062,29.6203
-82.32602,29.65102
-82.38848,29.62327
-82.70751,27.73943
-80.1155,26.01438
-81.65848,30.32422
-81.69695,30.31795
-81.64174,30.3846
-81.66046,30.32556
-81.66149,30.31855
-81.55394,30.26101
-81.4082,30.28759
-81.3926,30.29071
-80.10226,26.91945
-81.80554,24.5574
-81.80106,24.56113
-81.94972,28.94065
-81.55596,28.36609
-80.08008,26.80568
-82.79408,27.917
-81.34615,28.69651
-81.39647,28.62722
-81.72302,25.95373
-80.6726,28.11328
-80.60125,28.07072
-80.66916,28.17905
-80.19164,25.76221
-80.33901,25.64708
-80.24722,25.75
-80.14063,25.78892
-81.7474,28.5725
-81.72436,26.20735
-81.79481,26.14204
-82.16605,29.1684
-81.37739,28.53773
-81.33024,28.48814
-81.3827,28.5265
-81.26763,28.48971
-81.39064,28.54934
-81.74031,30.18849
-82.74133,28.07889
-82.70625,28.06149
-87.20275,30.41773
-87.21044,30.40867
-81.36194,30.21981
-80.09757,26.27494
-81.31101,29.89228
-81.41537,29.91229
-82.67172,27.7718
-82.55399,27.29915
-82.53993,27.34005
-82.51642,27.26007
-82.73559,27.87074
-82.63011,28.45186
-84.26432,30.45915
-84.25366,30.50692
-82.5093,27.95867
-82.45864,27.9826
-82.64725,28.05937
-82.46926,27.94461
-82.4417,27.96099
-82.43675,27.9631
-82.42616,28.04913
-82.77117,28.16434
-80.08026,26.93304
-80.05706,26.71231
-80.12042,26.73893
-81.3611,28.60215
-81.30902,28.61125
-81.35213,28.59292
-84.08501,31.58287
-84.25326,34.0638
-84.32551,34.079
-83.37673,33.95917
-83.37464,33.95783
-83.41907,33.99976
-83.3981,33.98935
-84.43532,33.81819
-84.37871,33.9078
-84.40994,33.77873
-84.38436,33.77785
-84.38658,33.76346
-84.30574,33.90872
-84.37274,33.78179
-84.37242,33.84305
-84.38132,33.80864
-84.32396,33.87511
-84.3497,33.76227
-84.52085,33.76693
-84.26708,33.77135
-84.47638,34.35326
-84.32774,34.86695
-84.37219,33.845
-85.07495,33.58108
-84.80598,34.26876
-84.99338,32.46561
-83.98148,34.45286
-83.98443,34.53295
-84.2789,33.7596
-84.29466,33.77235
-84.2848,33.77302
-83.92617,34.18546
-84.97601,32.35575
-84.28237,33.38649
-84.61651,34.0401
-84.14297,33.8901
-84.43978,33.99942
-84.49576,33.92434
-84.55076,33.94536
-85.25344,34.27058
-81.09144,32.08094
-155.06825,19.70578
-157.85762,21.30473
-157.70199,21.29623
-157.8688,21.3142
-156.67733,20.97215
-156.67792,20.87843
-155.9901,19.63778
-155.68181,20.02455
-159.35594,21.96848
-159.67526,21.95962
-116.20317,43.61773
-116.20831,43.64232
-116.23889,43.6211
-116.19057,43.604
-116.27425,43.63247
-116.19337,43.60698
-116.31339,48.69783
-116.78396,47.67436
-116.27134,43.64473
-114.34717,43.59553
-114.3161,43.52062
-112.04556,43.50067
-112.04674,43.48548
-112.04501,43.49507
-116.06753,47.51292
-114.36238,43.68307
-117.00193,46.41441
-116.09758,44.90622
-116.09915,44.90589
-116.35244,43.61223
-116.39222,43.60086
-117.00017,46.73239
-116.5835,43.60418
-116.55895,43.57836
-116.55612,43.57311
-112.44313,42.86014
-116.54613,48.29805
-116.89766,47.71051
-116.86621,47.7044
-113.89296,45.1752
-116.54758,48.27518
-114.4726,42.55216
-114.47169,42.55567
-111.1081,43.59749
-111.11134,43.60003
-115.89593,47.5248
-115.92372,47.47159
-89.304798,37.55882
-88.30711,41.76632
-88.30902,41.76049
-89.43093,37.87567
-88.11626,42.14964
-88.3362,41.84978
-89.97938,38.48764
-88.99457,40.47872
-88.04477,41.72013
-87.88157,41.16262
-87.91399,41.75241
-88.24229,40.117
-88.24304,40.11702
-88.24355,40.11824
-87.74322,41.94096
-87.67831,41.88757
-87.61217,41.68856
-87.68126,41.69849
-87.63238,41.88414
-87.68591,41.93645
-87.66675,41.98539
-87.73401,41.96402
-87.68109,41.92757
-87.65343,41.91372
-87.67192,41.88685
-87.65584,41.94636
-87.68231,41.95923
-87.668518,41.979978
-87.647162,41.884044
-87.67436,41.97492
-87.67368,41.90352
-87.66057,41.81077
-87.676,41.9105
-87.68691,41.91245
-87.62841,41.89151
-87.69819,41.92345
-87.63238,41.88414
-87.66057,41.81077
-87.64712,41.83205
-88.01018,41.79233
-88.28207,42.03464
-89.96575,40.77786
-87.6789,41.54318
-90.42639,42.41697
-90.22471,38.9349
-90.22731,38.93198
-90.43894,38.96977
-88.18483,42.18488
-87.8452,42.27969
-87.9542,42.28704
-87.93035,42.20287
-88.01015,41.8375
-87.99784,41.84016
-89.02016,42.3691
-88.26675,42.33336
-90.5174,41.50578
-88.00128,42.26611
-89.33211,37.78233
-88.95739,40.5046
-87.85395,41.63609
-87.85159,41.5465
-87.8527,41.59613
-88.04613,42.11307
-89.59181,40.68217
-89.57392,40.69963
-88.2027,41.65678
-88.2074,41.60844
-89.4638,41.3781
-91.40982,39.93326
-88.04416,42.11591
-90.57464,41.51199
-89.09044,42.26913
-88.97555,42.24085
-87.86337,41.9926
-88.31748,41.91688
-88.03096,42.05468
-89.64655,39.79715
-89.6817,39.78522
-88.2332,42.46436
-88.14553,42.07116
-88.14256,42.07066
-87.97914,41.88929
-88.1686,41.80191
-88.20841,41.82069
-88.19144,41.82499
-88.15145,42.27802
-88.2776,42.09814
-88.27719,42.09816
-87.91355,42.15045
-88.01017,41.72082
-88.44885,41.63077
-85.05587,41.36701
-84.89965,39.05747
-85.21854,39.29658
-86.51103,39.17158
-86.58258,39.14843
-86.5367,39.17326
-86.16056,39.92698
-85.92222,39.20242
-87.36312,41.4162
-85.94431,41.66292
-87.45308,37.96099
-87.57191,37.97191
-87.58539,37.98001
-87.56393,37.98111
-86.0029,39.97325
-85.13529,41.11109
-85.15244,41.06774
-85.09906,41.07552
-86.1169,41.75981
-86.09049,39.61564
-87.25469,41.53177
-86.15905,39.76564
-86.14583,39.8695
-86.08301,39.87552
-86.13103,39.7724
-86.14346,39.87344
-86.14159,39.87069
-86.16119,39.78258
-86.13847,39.77273
-86.14053,39.74959
-86.16001,39.76461
-86.20995,39.91304
-86.15826,39.76704
-86.14083,39.86957
-86.14556,39.76892
-86.00705,39.86028
-86.13105,40.48646
-86.12724,40.43796
-86.77104,40.37512
-86.86343,40.40484
-86.72684,41.61241
-86.47154,40.04245
-86.47594,39.48999
-86.90642,41.71959
-86.18779,41.71792
-86.18197,41.69544
-85.38656,40.19227
-87.51573,41.53682
-86.24842,39.20796
-85.81725,38.32715
-85.82247,38.28667
-86.01542,40.04561
-86.3716,39.6749
-86.36982,39.67801
-84.88933,39.83425
-85.64663,39.57504
-86.26732,41.66497
-86.24451,41.6682
-87.40444,39.4624
-87.41389,39.46648
-87.07976,41.47358
-87.49513,41.67937
-91.86512,41.79734
-93.61399,42.02511
-93.62722,41.69973
-93.60522,41.72638
-95.42256,41.23639
-91.63852,42.03475
-91.62332,42.02453
-93.79496,41.60848
-91.55859,41.70635
-90.57253,41.52024
-90.51351,41.57455
-90.57009,41.52138
-91.79712,43.30837
-93.62054,41.58528
-93.62952,41.58409
-90.66492,42.49678
-91.31024,40.62999
-95.73454,41.04774
-91.25199,42.34724
-91.5302,41.65465
-92.42515,42.67171
-95.09273,41.65404
-93.09886,41.31893
-91.17487,43.02474
-93.06011,41.70268
-93.22054,43.44408
-92.41001,41.01594
-92.59777,42.32555
-93.87951,41.28966
-95.37517,40.76688
-91.8122,42.68734
-92.38948,42.50097
-92.46789,42.72581
-93.76591,41.60039
-98.66804,38.63809
-95.45285,37.68178
-97.78115,37.62814
-96.85037,37.81352
-99.33009,38.87207
-95.52731,39.85286
-94.82429,39.12368
-95.28117,38.94271
-95.23192,38.9554
-95.23591,38.97235
-94.91042,39.31673
-96.6095,39.191
-96.50987,39.19768
-94.79497,38.88513
-94.7608,38.9127
-94.79497,38.88513
-95.68585,39.00057
-97.22626,37.72384
-97.46323,37.73079
-97.32751,37.68705
-97.44486,37.70828
-86.48637,36.98395
-84.56208,39.08303
-84.77127,37.64889
-84.79852,37.65746
-84.44667,39.06518
-84.71056,39.08578
-84.50919,38.04391
-84.50885,38.05013
-84.49176,38.05982
-85.74413,38.25544
-85.74107,38.25496
-85.60657,38.24882
-85.65415,38.25284
-85.75508,38.25618
-85.7458,38.25548
-85.70295,38.18971
-85.70579,38.23109
-85.70064,38.25551
-85.7573,38.25281
-85.73371,38.22177
-84.49453,39.09487
-90.03798,30.47272
-90.00296,29.95685
-91.92387,30.39004
-91.09016,30.39174
-91.18918,30.43229
-93.68518,32.55081
-91.9578,30.14728
-90.05657,30.4819
-90.09712,30.47756
-90.07596,30.41631
-93.21672,30.22923
-90.10401,29.881
-90.15282,29.99236
-90.13286,29.9285
-90.06398,29.95531
-90.08683,29.9601
-90.0648,29.94815
-90.12835,29.93847
-90.08082,29.9198
-90.07776,29.95369
-90.12324,29.95671
-92.66493,32.53317
-91.1509,30.66387
-70.22484,44.09724
-68.77979,44.78504
-68.77016,44.79718
-68.33471,44.40949
-68.20684,44.33227
-68.2216,44.39392
-69.00383,44.4283
-70.80946,44.44682
-68.59384,44.41059
-69.63275,43.89568
-70.0045,43.89199
-69.9802,43.91274
-70.17028,45.01118
-70.76314,43.12347
-70.11199,43.88179
-70.11446,43.84639
-70.10586,43.85547
-69.78662,44.22046
-70.43965,43.67928
-70.39559,43.67977
-69.79011,44.28633
-70.47856,43.36094
-70.53105,43.39582
-70.21887,44.09434
-69.14275,44.30268
-70.61056,43.97082
-68.67134,44.8831
-68.672,44.88374
-70.19779,43.65534
-70.31866,43.70289
-70.29969,43.66801
-70.31975,43.7032
-70.3184,43.70281
-70.31442,43.70756
-70.25339,43.65639
-70.31975,43.7032
-70.31975,43.7032
-70.25012,43.65912
-70.24926,43.66171
-70.30573,43.71016
-70.44816,43.49486
-69.60187,44.74612
-70.31976,43.63495
-70.34446,43.62794
-69.99474,45.26562
-69.96514,43.92257
-69.60533,44.14516
-68.84904,44.63314
-76.27865,39.46342
-76.49042,38.97797
-76.49459,38.97755
-76.54201,38.98142
-76.58443,39.41563
-76.55561,39.28401
-76.61598,39.30246
-76.61093,39.32465
-76.67592,39.23251
-76.59499,39.28092
-76.4662,39.3718
-76.61587,39.32586
-76.56729,39.28408
-76.61355,39.27698
-76.61764,39.28638
-76.33046,39.49645
-75.21691,38.33386
-77.09735,38.989
-77.12695,38.97337
-76.73409,38.94468
-76.82075,39.19727
-76.7997,39.26799
-76.81574,39.24818
-77.4003,39.38204
-77.41075,39.4157
-77.40805,39.41141
-77.42541,39.36011
-77.39853,39.44007
-77.19433,39.14208
-76.60288,39.14055
-76.72773,39.15608
-76.94006,38.95302
-77.22528,39.4604
-75.46996,38.38194
-77.13511,39.09355
-77.14885,39.08521
-76.97903,39.04836
-77.02376,38.9911
-76.45966,38.34883
-76.22271,38.78219
-77.03742,39.55761
-77.03919,39.55717
-76.996,39.57512
-76.4662,39.3718
-70.93022,42.85728
-72.53286,42.37348
-71.29044,42.49324
-71.29147,42.46292
-72.4009,42.27686
-72.55702,42.66396
-71.60773,42.43304
-72.34489,42.20771
-71.10556,42.34541
-71.10275,42.31419
-71.09867,42.34708
-71.05999,42.36455
-71.04728,42.2945
-71.06512,42.36067
-71.0371,42.3481
-71.05665,42.35864
-71.06542,42.35115
-71.04803,42.34996
-71.06759,42.05878
-71.09011,42.3675
-71.11925,42.37246
-71.11466,42.36577
-71.10467,42.14945
-71.04408,42.392
-70.9369,42.56697
-70.68963,42.0373
-70.68963,42.0373
-71.06234,42.40107
-71.06234,42.40107
-72.10627,42.13658
-71.39362,42.29895
-71.40184,42.2787
-71.42693,42.2754
-71.99727,42.57594
-70.66622,42.61047
-73.344,42.21497
-72.59974,42.58886
-73.29214,42.55736
-71.58385,42.50075
-71.0854,42.77283
-70.92255,42.24945
-72.6099,42.20152
-70.27933,41.65481
-70.30876,41.68174
-70.84334,42.67186
-71.31645,42.65112
-71.51543,42.34252
-71.55969,42.35355
-72.49662,42.57658
-70.13049,41.26355
-71.34859,42.28448
-71.50044,42.2955
-71.21281,42.31805
-72.63079,42.31741
-70.55739,41.45633
-71.59858,42.67586
-73.25475,42.4505
-70.71197,41.94907
-71.14521,42.28525
-70.9009,42.5296
-70.89115,42.52028
-71.72203,42.2905
-72.61042,42.47783
-70.15093,41.68562
-72.72477,42.23636
-72.03537,42.08039
-70.60367,41.45335
-71.23701,42.37075
-71.23684,42.37174
-71.87143,42.55869
-71.94584,42.5565
-71.05705,41.57135
-72.73002,42.39248
-71.81963,42.26375
-84.03203,41.89068
-84.67493,42.21833
-83.42984,45.06474
-83.74833,42.28047
-83.74684,42.28045
-83.89158,42.2928
-83.74878,42.28048
-83.74859,42.27942
-83.7737,42.27021
-83.75317,42.26685
-86.45754,41.90556
-85.18564,42.32256
-83.89813,43.60195
-83.8658,43.60891
-85.20996,44.97566
-86.45343,42.11817
-85.48204,43.69835
-85.48393,43.69625
-83.19596,42.54658
-83.19542,42.54375
-83.78538,42.52962
-88.45379,47.24537
-84.47436,45.64743
-83.1462,42.53345
-82.93213,42.59836
-83.49654,42.56357
-85.68235,43.07091
-87.88761,47.46778
-85.97449,42.10881
-83.01837,42.33741
-83.04779,42.33162
-83.04864,42.33598
-83.06522,42.35146
-83.06641,42.34069
-83.88952,42.33714
-86.21191,42.63242
-84.48339,42.73601
-85.40642,44.90195
-87.05546,45.74572
-83.70839,42.81904
-83.13342,42.45925
-83.72108,42.94744
-83.73151,43.31527
-83.7387,43.33036
-85.45447,42.28508
-85.4627,42.28881
-84.68258,45.02214
-86.23268,43.065
-85.98493,46.66927
-85.54853,42.916
-85.67332,42.96347
-85.64663,42.95995
-85.65154,42.95543
-85.67345,42.95868
-85.67238,42.97414
-85.63072,42.95517
-85.6298,43.01752
-85.67032,42.96238
-85.54919,42.91617
-82.90359,42.43771
-85.28752,42.64868
-86.12165,42.76935
-86.1142,42.81851
-86.10428,42.79033
-88.56927,47.12185
-88.57004,47.12186
-85.8756,42.86229
-85.87069,42.86429
-87.67903,46.50042
-84.60732,43.29164
-84.3107,42.27717
-84.31054,42.27733
-85.62492,42.27232
-85.5795,42.29458
-85.56881,42.26361
-85.58191,42.29174
-85.56023,42.24891
-83.98822,43.70862
-85.99048,44.89917
-83.24021,42.7853
-83.24495,42.77325
-84.62016,42.71208
-85.84946,42.16661
-83.17592,42.25187
-86.44778,43.95243
-83.09011,42.49847
-87.39455,46.54702
-87.39289,46.54308
-87.39374,46.54165
-84.96406,42.26541
-85.47109,42.71854
-84.29051,43.61428
-83.6754,42.08427
-84.77191,43.60443
-84.85946,43.61126
-86.24398,43.23619
-85.65069,45.10574
-84.2554,44.84113
-85.03737,46.62729
-85.87891,42.21885
-83.15326,42.46905
-83.5101,42.39099
-83.46134,42.37935
-83.31754,42.65769
-82.42257,42.97555
-82.4906,43.11415
-85.56021,42.23901
-83.13158,42.68076
-85.56138,43.1195
-83.14417,42.48711
-83.14453,42.48851
-83.14943,42.53022
-83.17722,42.53406
-83.14282,42.4873
-82.48554,42.8258
-84.34809,46.50093
-86.59467,41.88563
-83.03435,42.68326
-83.28157,42.49069
-83.31075,42.50186
-83.65021,42.44363
-85.69749,43.16021
-86.21468,43.07649
-85.4187,41.79899
-85.79634,44.90695
-86.61082,41.80136
-85.63527,44.71546
-85.53016,44.88811
-85.62833,44.76409
-85.62213,44.76406
-85.62842,44.76403
-85.62495,44.76536
-82.97487,42.49313
-83.0472,42.52775
-84.19323,42.65964
-85.4039,44.77219
-83.15118,42.2021
-83.61021,42.24993
-83.61899,42.24096
-94.18987,46.34349
-93.3246,45.04194
-93.68296,44.84553
-94.42903,45.45821
-94.42898,45.45527
-92.09473,46.7842
-92.09428,46.7899
-92.13427,46.7582
-92.09951,46.78593
-92.09778,46.7903
-92.09044,46.7929
-92.13186,46.76114
-93.16719,44.83598
-93.3555,44.8959
-91.86625,47.90324
-93.64304,44.91331
-91.5242,47.6423
-95.41078,44.41055
-94.01381,44.18137
-92.75357,44.06653
-93.43374,45.0911
-93.32172,44.90629
-93.28035,45.00188
-93.26639,45.00112
-93.31762,44.91761
-93.28809,44.94966
-93.23389,44.9471
-93.25155,45.00346
-93.24805,44.97327
-93.28851,44.94865
-93.27454,44.97656
-93.23245,44.93412
-93.44973,44.89522
-93.1979,45.03809
-94.4495,44.28943
-92.07856,44.40281
-92.50943,44.0447
-91.80991,44.09438
-93.16867,45.01349
-93.17472,45.02568
-94.20631,45.54978
-94.19849,45.5586
-93.3603,44.95407
-93.35028,44.93023
-93.34149,44.94083
-93.3434,44.94842
-93.093,44.94397
-93.093,44.94397
-93.12622,44.94211
-93.15434,44.90814
-93.09727,44.9468
-93.04918,44.96015
-92.90139,44.92234
-93.12437,44.93037
-93.18912,44.95051
-93.14052,44.9144
-93.12437,44.93037
-93.13447,44.92246
-92.8318,45.03918
-92.80809,45.05968
-91.47604,47.12806
-93.06006,45.0431
-94.61313,47.10291
-91.67517,44.04692
-91.63614,44.05116
-89.28242,33.53382
-90.04758,32.47245
-89.31162,31.3248
-89.44955,30.37632
-90.88096,38.57008
-93.72092,36.97475
-94.50416,38.82971
-91.31807,38.6674
-91.19325,39.342
-93.27599,36.63807
-92.01652,37.3209
-92.13672,37.17479
-92.74457,38.00822
-89.51832,37.30517
-90.19978,37.78018
-92.32842,38.95153
-92.3319,38.9504
-90.64085,38.74463
-90.43301,38.67098
-90.45972,38.5407
-90.30221,38.7383
-92.71362,38.20918
-91.43289,38.70658
-89.63948,37.44884
-92.33887,38.67093
-92.16153,38.56865
-94.59628,38.99253
-94.47917,39.15448
-94.5967,39.08258
-94.58365,39.09053
-94.58302,39.10295
-94.58221,39.09723
-94.66113,39.24824
-94.58302,39.10295
-94.59198,39.05352
-90.40568,38.58254
-94.39462,38.9168
-94.41912,39.24611
-90.3148,38.61344
-91.25262,38.6108
-90.75283,38.80608
-91.77136,37.93921
-90.48396,38.77456
-90.19978,37.78018
-90.1104,37.92719
-90.26852,38.53729
-90.19774,38.61526
-90.2106,38.59705
-90.24158,38.63865
-90.25736,38.59099
-90.4412,38.617
-90.22471,38.63551
-90.19645,38.6325
-90.22378,35.59983
-90.18457,38.63029
-90.22389,38.59986
-90.26571,38.54575
-90.20947,38.63322
-90.23812,38.63236
-90.21037,38.61661
-90.21788,38.59235
-90.22537,38.6378
-90.68994,38.76373
-93.22841,38.70685
-93.29548,37.22965
-93.28706,37.19683
-93.29939,37.20751
-93.29558,37.20774
-94.90019,39.4113
-111.17081,45.77303
-111.24869,45.8128
-111.17899,45.77389
-110.92908,47.38122
-111.25314,45.266
-114.04536,47.99779
-114.07865,48.07594
-108.50085,45.78444
-108.5519,45.77735
-108.50151,45.78287
-108.40831,45.80485
-108.50584,45.78217
-108.49725,45.7862
-111.03558,45.69295
-111.02421,45.68428
-112.53874,46.01323
-111.27521,47.49409
-114.15323,46.24774
-114.15619,46.25271
-112.04153,46.58618
-112.02192,46.60016
-114.3149,48.20161
-114.22483,48.01595
-108.76759,45.67047
-109.41258,47.05174
-110.54888,45.66776
-114.01867,46.87284
-114.07272,46.92173
-114.00346,46.87803
-113.99305,46.87367
-113.99432,46.87746
-113.99894,46.86596
-113.99743,46.87092
-114.16331,47.6863
-109.24583,45.20025
-114.09319,46.51104
-111.09965,44.65855
-114.33679,48.41347
-104.18907,46.98731
-105.64136,48.09019
-98.00245,41.69603
-99.13713,40.47688
-97.36204,41.42932
-96.70714,40.50588
-98.33914,40.92635
-98.39122,40.58438
-99.08155,40.69452
-99.08081,40.69671
-96.09915,41.17026
-96.72759,40.79217
-96.71069,40.81585
-96.63742,40.81345
-96.61752,40.76705
-96.70522,40.81492
-100.6302,40.19779
-100.762,41.13649
-96.07147,41.2677
-96.08272,41.23273
-95.94234,41.25975
-96.00642,41.28472
-96.18209,41.23277
-95.93057,41.2553
-98.94039,41.60228
-96.02706,41.13439
-96.163346,40.11467
-96.126402,41.06541
-114.83678,35.97872
-119.76702,39.16524
-119.76712,39.16533
-114.88162,39.25084
-119.24171,39.60132
-115.011,36.06607
-115.03072,36.0384
-115.2357,36.24251
-115.29761,36.1474
-115.16393,36.11329
-115.15487,36.11701
-115.14566,36.17288
-115.15944,36.14367
-115.25071,36.21543
-114.62475,35.12431
-115.10282,36.26833
-119.75003,39.40866
-119.80743,39.51652
-119.81404,39.5293
-119.74942,39.49793
-119.80971,39.53349
-119.81434,39.52586
-119.80613,39.51405
-119.75398,39.5348
-119.77257,39.53442
-119.64993,39.30961
-114.97486,41.07927
-71.51759,43.19876
-71.12944,43.97482
-71.06796,43.74282
-71.74799,44.22673
-71.59792,43.75975
-71.44544,43.06302
-72.28674,42.9324
-71.7745,44.30703
-71.41497,42.98407
-71.46736,42.99447
-71.6367,43.33467
-71.66184,42.83656
-71.44797,42.72861
-71.46483,42.75971
-71.96003,43.40037
-71.14316,44.06855
-70.83109,42.98369
-71.68661,44.03237
-70.75732,43.07774
-70.80634,43.0859
-70.79695,43.03384
-72.32082,43.63076
-74.56502,39.28539
-74.03813,40.41182
-74.64573,40.68049
-74.64026,40.68189
-74.14476,40.80036
-74.43445,40.68899
-74.34005,41.00185
-74.91293,39.00306
-74.96865,39.91084
-74.94102,39.87358
-73.99097,40.84665
-74.29691,40.87366
-74.27463,40.24757
-74.67816,40.17465
-74.30005,41.02192
-74.03295,40.73754
-74.24754,40.12337
-74.03657,40.72077
-74.94717,40.36735
-74.78,40.78447
-74.9775,39.9465
-74.32661,40.54755
-75.09542,40.56832
-74.21184,40.8176
-74.44413,40.49616
-74.16085,40.70955
-74.16929,40.73646
-74.0352,40.7827
-74.04428,40.23682
-74.02306,40.31071
-74.69463,39.22288
-74.04928,40.09176
-74.29226,41.00373
-74.6581,40.3501
-74.07555,40.35363
-74.02957,40.86048
-74.31883,41.0907
-74.28253,40.65993
-74.51058,40.46324
-74.52735,40.49142
-74.25944,40.74626
-74.63974,41.0327
-74.18295,39.97654
-74.47487,40.66084
-74.2774,40.55486
-106.57071,35.10379
-106.53161,35.12932
-106.66147,35.1877
-106.59994,35.14001
-106.59986,35.16313
-106.61786,35.12067
-106.60925,35.08038
-106.61422,35.11791
-106.64657,35.09255
-106.60366,35.13602
-104.40025,32.84226
-106.61247,35.22994
-107.75869,32.26749
-105.27228,36.59788
-105.66173,36.46523
-105.9252,36.21218
-108.2053,36.72906
-106.744,32.3144
-106.79346,32.30986
-105.21418,35.59529
-106.70618,34.80328
-106.02373,35.00386
-103.33651,34.18589
-105.41017,36.71049
-106.66439,35.24165
-106.68046,36.37786
-106.05928,35.52305
-106.04996,35.5975
-105.9653,35.66275
-108.27644,32.77458
-106.893,34.06892
-105.5736,36.40676
-105.56873,36.4123
-105.57427,36.41161
-106.38819,35.08698
-106.20972,35.82771
-73.74849,42.65451
-73.92565,40.76233
-73.80971,42.26048
-76.55358,42.93177
-76.31036,43.16533
-73.22798,40.73115
-75.91361,42.09892
-75.91412,42.09925
-73.95803,40.7217
-73.98624,40.69263
-73.95124,40.71855
-73.96576,40.68268
-73.93341,40.63489
-73.98936,40.70249
-74.01204,40.67385
-78.89794,42.91978
-78.87837,42.88645
-78.89724,42.95672
-78.87703,42.88117
-76.86896,42.47705
-75.05409,41.76487
-77.2252,42.86713
-73.38105,40.89585
-73.596,42.36273
-78.76404,42.91494
-74.94679,42.62689
-77.05704,42.14386
-76.17941,42.59936
-76.2999,42.49972
-78.67071,42.275
-73.81518,41.07004
-76.03164,42.14674
-73.33638,44.26706
-73.41488,40.75506
-73.72269,40.72449
-75.77927,44.04138
-79.33246,42.4391
-73.58843,40.67097
-76.35171,42.45816
-75.18634,42.62786
-78.56297,43.22335
-76.92304,42.82042
-76.98204,42.86816
-76.92302,42.82042
-73.6397,43.31744
-73.64458,43.30987
-72.35868,41.10339
-72.35929,41.10477
-75.55024,42.82375
-77.22602,42.39944
-77.19018,42.48601
-74.16191,41.12739
-76.92206,42.61667
-77.60202,42.94929
-76.81207,42.1833
-76.81208,42.13324
-73.9301,41.76933
-76.53327,42.41419
-76.49905,42.43967
-76.47728,42.47974
-74.01204,41.93176
-74.04331,41.95237
-73.71349,43.41846
-73.12984,40.86485
-73.98404,44.28543
-73.97764,44.29278
-73.70631,40.76601
-79.33571,42.10295
-76.50547,42.53777
-76.85814,42.57399
-73.47433,40.67235
-74.93984,42.58863
-76.35062,42.8275
-77.3803,42.70703
-74.00808,41.49734
-74.08975,41.74665
-74.00919,40.72573
-73.99395,40.76122
-73.98828,40.72804
-74.00822,40.74699
-73.99011,40.74188
-73.95378,40.80658
-73.98429,40.7558
-74.00289,40.70636
-73.97983,40.76069
-73.99074,40.73657
-73.98706,40.73915
-73.97239,40.76226
-73.98587,40.75559
-73.992,40.7527
-73.93005,40.80822
-73.98695,40.75605
-76.56792,42.35167
-73.15706,40.64677
-73.65129,40.62487
-78.74411,42.76843
-76.51074,43.4567
-73.02182,40.75929
-73.01676,40.76579
-74.02436,41.05948
-73.92991,41.2856
-76.93568,42.6602
-73.48902,44.69633
-73.06919,40.94599
-72.6819,40.91989
-77.61431,43.16497
-77.55121,43.10989
-77.61548,43.16456
-77.59734,43.15329
-77.76234,43.1376
-77.58702,43.16319
-77.60337,43.14184
-77.55558,43.12845
-74.91085,41.95027
-73.94301,42.81634
-76.12345,43.94895
-73.78378,43.08572
-73.76758,43.09052
-76.92304,42.82041
-72.39274,40.89061
-74.54761,42.4504
-76.15475,43.04797
-76.09504,43.06938
-76.16139,43.05081
-76.15357,43.04854
-73.6876,42.73572
-76.68162,42.55659
-76.67239,42.58584
-75.244,43.10351
-75.2434,43.10358
-76.87384,42.38126
-76.87096,42.36983
-78.74749,42.96247
-78.82519,43.29841
-74.42437,42.31069
-79.42713,35.1305
-82.55503,35.59172
-82.55452,35.62216
-82.23831,35.20886
-82.60432,35.58154
-82.58067,35.55773
-82.55585,35.59115
-82.53784,35.56655
-82.55388,35.58854
-82.50153,35.57303
-82.55305,35.59612
-82.55103,35.5951
-82.52277,35.50467
-82.56642,35.58666
-82.32047,35.6181
-81.6784,36.13167
-81.66859,36.20336
-81.69265,36.21469
-82.72911,35.23055
-83.44579,35.43114
-79.06275,35.91042
-79.05571,35.91318
-80.81442,35.24073
-80.95955,35.12048
-80.79494,35.11389
-80.76048,35.2651
-80.81484,35.24035
-80.83977,35.22951
-80.88098,35.1855
-80.38202,36.02147
-80.89092,35.4488
-78.89969,35.99559
-78.89998,36.00304
-78.88957,35.99616
-79.71835,36.51454
-77.58858,35.59589
-78.88225,35.05393
-78.95591,35.07223
-78.99533,35.16208
-79.89205,36.00044
-82.45936,35.32228
-78.70261,35.62126
-79.79049,36.06943
-82.39805,34.85274
-77.37409,35.60689
-77.36558,35.61256
-81.3872,35.72121
-81.33461,35.75958
-81.34201,35.7317
-80.00453,35.98843
-79.11341,36.07054
-78.85468,35.65576
-75.93789,36.30695
-75.64952,35.99462
-77.58558,35.27648
-80.50401,36.08926
-80.25447,35.82405
-80.71148,35.13165
-80.80012,35.62337
-81.6862,35.7453
-80.60827,36.50149
-79.16617,35.74468
-78.61817,35.80969
-78.64925,35.77858
-78.61947,35.79701
-78.76249,35.90367
-78.72594,35.90878
-78.64641,35.78272
-78.74533,35.89566
-83.00306,35.10694
-82.06365,35.91588
-83.22331,35.37394
-82.23831,35.20886
-78.51017,35.9775
-82.99101,35.49346
-83.00137,35.48389
-82.98681,35.49224
-79.57768,36.06181
-78.62222,35.5623
-77.87529,34.31306
-77.94865,34.23551
-77.83811,34.26569
-77.94564,34.21487
-80.25091,36.09772
-100.76938,46.80837
-100.76626,46.82033
-96.828215,46.81806
-96.85102,46.85603
-81.46803,41.02536
-81.52218,41.07312
-81.51787,41.0689
-82.10144,39.32751
-81.50007,41.42427
-81.85314,41.3669
-82.48292,39.93148
-81.36914,40.79665
-81.12973,41.64053
-84.41952,39.13669
-84.37331,39.09346
-84.52574,39.11349
-84.50477,39.10647
-84.41838,39.11975
-84.52623,39.11377
-84.37998,39.26331
-84.4722,39.14634
-84.43594,39.15153
-84.30088,39.09175
-84.46334,39.26982
-84.52141,39.1146
-84.35353,39.13962
-81.56588,41.5036
-81.7523,41.45449
-81.68983,41.50404
-81.56223,41.39835
-81.70386,41.48451
-81.6661,41.51365
-81.70351,41.48499
-81.70343,41.49599
-82.90105,40.10505
-83.04882,39.9739
-83.00251,39.9718
-83.00385,39.95116
-83.00133,39.96571
-83.03273,39.9889
-83.00393,39.96987
-83.00068,39.96221
-82.99852,39.95107
-82.85576,39.98475
-83.03196,39.98602
-84.18394,39.75739
-83.64871,41.03813
-81.09728,41.28445
-82.46625,39.65731
-84.13138,41.24941
-82.72215,41.59582
-84.15188,39.70384
-81.80398,41.4771
-81.81941,41.48485
-82.70945,39.74734
-84.46289,39.23602
-81.01027,41.7406
-81.04879,41.77148
-81.4534,39.412
-83.70405,41.54445
-81.8004,41.13708
-81.88731,41.19717
-82.81221,41.67952
-82.81325,41.67506
-84.34144,40.37913
-84.14899,41.29735
-82.82921,40.0688
-81.92335,41.41583
-81.99914,41.39682
-84.74864,39.50418
-83.00881,38.73183
-82.81985,41.65253
-81.85515,41.46095
-81.23187,40.54998
-81.54865,40.57559
-81.82193,41.34874
-83.57748,41.66756
-83.53805,41.64375
-84.47644,39.45085
-82.88931,40.16738
-81.89685,41.47027
-81.40666,41.64155
-83.88985,39.80998
-80.65709,41.10188
-82.00986,39.93625
-97.5094,35.62154
-97.48539,35.62561
-95.72529,34.92617
-97.42363,35.30574
-97.72457,35.39171
-97.44444,35.2205
-97.52032,35.47205
-97.51064,35.46649
-97.50909,35.46664
-97.53082,35.52359
-97.52021,35.43834
-97.5209,35.43861
-97.66989,35.55895
-96.11019,36.13517
-95.97761,36.11477
-95.96471,36.15204
-95.97329,36.11249
-123.09358,44.63902
-122.87426,45.45942
-122.66381,42.1847
-122.71486,42.19914
-122.71418,42.19768
-123.8317,46.18988
-123.82735,46.18858
-123.7987,46.19456
-117.82976,44.77892
-117.83065,44.7784
-122.8262,45.4752
-122.7952,45.46102
-121.31376,44.06013
-121.28487,44.0893
-121.32852,44.05638
-121.31295,44.05789
-121.30781,44.05426
-121.30781,44.05426
-121.33951,44.04175
-121.32448,44.04785
-121.31178,44.05941
-121.33053,44.05061
-121.3149,44.05662
-121.31077,44.04657
-121.30758,44.05994
-121.51273,44.0338
-123.96095,45.89817
-123.95986,45.87276
-123.17778,45.29336
-123.64591,42.17037
-122.92541,42.39142
-122.57903,45.4363
-123.26188,44.56238
-123.25931,44.56279
-123.28517,44.56704
-123.26083,44.56162
-117.27213,45.41913
-122.33504,45.29192
-123.08349,44.0586
-123.09426,44.05055
-123.09211,44.04516
-123.08816,44.04614
-123.10947,44.05687
-123.14118,44.07301
-123.09072,44.05436
-124.10893,43.98175
-123.086,45.52027
-123.10339,45.50744
-123.09682,45.50947
-121.76648,45.30337
-123.31755,42.43897
-122.42977,45.50032
-122.47557,45.49181
-122.95719,45.53238
-122.89988,45.54868
-122.87333,45.59194
-122.89596,45.53159
-121.50686,45.70774
-121.51438,45.71027
-121.51548,45.71032
-121.53623,45.58851
-123.10066,44.80367
-117.22989,45.35723
-121.77714,42.2283
-121.73772,42.19425
-122.73552,45.39704
-122.65877,45.41713
-118.0943,45.32854
-124.00173,44.99704
-124.01838,44.93052
-122.64751,45.39827
-123.18886,45.21073
-123.18807,45.21406
-123.19445,45.21008
-122.81286,42.32337
-122.86038,42.35659
-118.44457,45.98761
-122.9354,45.32646
-124.05597,44.62732
-124.04706,44.62278
-124.05303,44.64952
-122.45718,43.74775
-116.95392,44.01492
-123.96581,45.20973
-121.59698,45.5196
-118.78509,45.67341
-122.66705,45.55091
-122.61368,45.54829
-122.65733,45.5495
-122.65638,45.51989
-122.61896,45.50244
-122.68116,45.61093
-122.65686,45.57176
-122.6264,45.51204
-122.68458,45.53076
-122.65628,45.51589
-122.65849,45.52327
-122.65585,45.51652
-122.75365,45.48608
-122.67076,45.5627
-122.61025,45.52536
-122.64023,45.50338
-122.63779,45.52205
-122.62179,45.53574
-122.63117,45.56272
-122.63066,45.5646
-122.68217,45.52447
-122.78372,45.50014
-122.60458,45.54779
-122.6741,45.50948
-122.67287,45.47726
-122.639,45.48497
-122.65668,45.51605
-122.6427,45.48996
-122.69354,45.47879
-122.63509,45.49719
-122.62196,45.53542
-122.61061,45.54004
-122.69923,45.52929
-122.69154,45.53349
-122.65657,45.51222
-122.70934,45.46876
-122.64284,45.55907
-122.65225,45.52284
-122.64929,45.52657
-122.67563,45.5118
-122.63653,45.52645
-122.58731,45.51702
-122.65214,45.52397
-122.82947,45.53167
-122.76098,45.58883
-122.57888,45.44186
-122.69877,45.53419
-122.74821,45.46576
-122.64905,45.47641
-122.71374,45.54213
-122.75365,45.48608
-122.69758,45.57786
-122.67466,45.51802
-122.68465,45.52577
-122.6587,45.51207
-122.69909,45.4777
-122.65562,45.50995
-122.67794,45.52261
-122.66857,45.53484
-122.6762,45.54102
-122.66682,45.5317
-122.63988,45.50337
-120.84706,44.30254
-121.16886,44.25665
-121.1754,44.2692
-121.16341,44.28328
-123.34695,43.20993
-123.02892,44.93342
-123.05097,44.90386
-123.00032,44.98054
-123.15443,45.03394
-123.91802,44.72133
-122.77022,45.00634
-122.78435,45.01352
-121.53461,44.28523
-122.83047,45.36862
-123.0411,44.08263
-122.79691,45.86217
-123.53446,43.10668
-121.16653,45.59567
-122.74692,45.41517
-122.77431,45.42906
-123.93734,44.61901
-122.40807,45.5385
-123.00239,44.81052
-123.1509,45.90071
-122.65199,45.34592
-76.07217,40.23703
-75.47404,40.60154
-75.53535,40.59554
-75.22123,40.15481
-75.19573,40.19257
-75.22506,40.15533
-75.29365,40.00859
-80.33516,40.75611
-77.7821,40.9129
-76.23588,41.05369
-75.33535,40.63087
-76.13437,40.03896
-76.439,41.0181
-76.45686,41.00301
-76.42692,41.02478
-75.6284,40.57442
-76.94607,40.23835
-77.18883,40.20334
-75.21452,40.27925
-77.65646,39.93989
-75.20607,40.07481
-75.87682,39.98534
-75.47308,40.19454
-76.32789,39.95368
-75.44357,40.20607
-74.90225,40.08547
-76.61697,40.96254
-75.69402,40.00613
-75.13411,40.31198
-75.28721,39.95151
-78.41474,40.43129
-75.21424,40.6907
-75.22432,40.67324
-76.97724,40.28926
-76.17505,40.18013
-80.0818,42.12117
-80.1141,42.11125
-80.0838,42.12274
-76.44946,39.73251
-75.6539,40.5928
-75.54236,40.04039
-77.24301,39.83384
-75.27609,40.03781
-75.54354,39.86197
-75.14726,40.10613
-79.55242,40.27887
-79.54677,40.3043
-80.40661,41.35358
-76.99888,39.80884
-76.98925,39.80254
-80.12752,40.80297
-76.87498,40.2656
-76.81404,40.25026
-76.87204,40.25569
-80.4484,41.49191
-75.38806,40.08781
-75.77815,40.51644
-75.25999,40.09171
-75.25999,40.09171
-75.03156,40.3465
-76.35941,40.07059
-76.30696,40.0385
-75.28732,40.24369
-79.39082,40.31987
-76.39394,40.16333
-76.43212,40.22845
-77.0783,41.80766
-80.15479,41.63715
-75.38844,39.91781
-77.4771,40.89116
-77.1963,40.89451
-76.8634,40.99513
-79.76437,40.44628
-76.50283,40.11169
-79.53226,40.15003
-76.01587,41.19324
-74.96271,40.35614
-74.952,40.36582
-75.36201,40.15923
-79.77323,40.36438
-75.22466,40.20681
-75.27952,40.22029
-75.28791,40.36531
-75.22324,39.94789
-75.19019,40.05926
-75.16272,39.95029
-75.21881,40.02256
-75.16237,39.95222
-75.16608,39.95035
-75.12789,39.98283
-75.18513,39.97928
-75.22945,39.89462
-75.15917,39.94873
-75.15974,39.94886
-75.14336,39.94829
-75.1357,39.9623
-75.50801,40.13564
-75.54965,40.1298
-79.96454,40.46181
-80.01835,40.45351
-79.9047,40.45548
-79.95746,40.42323
-79.89404,40.55364
-79.96049,40.50181
-79.96685,40.46161
-79.99135,40.45674
-79.91483,40.4094
-79.96163,40.4613
-75.8055,41.30316
-75.84781,41.28402
-75.66707,40.26301
-76.19787,40.68294
-76.17408,40.70106
-75.92734,40.32519
-75.92734,40.32519
-76.1233,40.21177
-75.55865,40.21473
-75.53424,40.19463
-78.55401,41.42818
-76.86161,40.80054
-75.11433,41.0082
-80.05617,41.06386
-79.74371,40.15311
-79.74252,40.15361
-77.9093,40.80966
-75.32739,41.09403
-75.30585,41.03986
-79.67335,41.62674
-75.46908,40.099
-80.11276,41.7728
-75.5894,39.96271
-75.60531,39.96046
-75.85826,41.25566
-75.85923,41.25486
-77.03693,41.22229
-77.00914,41.23817
-77.00561,41.24052
-76.72841,39.96659
-76.72892,39.96251
-67.14081,18.20214
-67.14297,18.20669
-66.05086,18.396
-71.55755,41.17216
-71.44168,41.80149
-71.3077,41.51917
-71.2802,41.53724
-71.41402,41.82529
-71.39493,41.82884
-71.41665,41.82274
-71.43582,41.70817
-71.46025,41.70108
-71.83254,41.38491
-81.72271,33.56081
-79.94129,32.79305
-79.9316,32.78115
-80.00219,32.85279
-79.94574,32.80164
-79.92699,32.77859
-81.03172,33.99717
-79.83212,34.17486
-79.9412,32.65675
-80.94508,35.00737
-82.39805,34.85274
-82.42459,34.79585
-80.76434,32.15525
-79.88943,32.80127
-79.87724,32.84648
-78.87828,33.71333
-78.88842,33.69807
-79.97222,32.87361
-79.11778,33.49492
-81.98869,34.92668
-81.98339,34.96968
-81.01438,35.03336
-96.80011,44.31034
-96.79511,44.30437
-103.5753,43.93265
-103.2272,44.08113
-103.2307,44.08171
-96.77257,43.5228
-96.70887,43.54306
-103.8729,44.51794
-103.8647,44.48796
-97.11386,44.90216
-97.39416,42.86981
-85.31064,35.05382
-85.30741,35.06271
-85.30884,35.04471
-85.27633,35.11627
-85.32788,35.00892
-85.30707,35.03662
-87.35977,36.5274
-89.79935,35.15476
-86.86723,35.92779
-86.82128,35.94551
-83.51041,35.71458
-89.80071,35.07174
-82.48099,36.28694
-82.46426,36.47275
-84.00972,35.93175
-83.91877,35.96606
-83.91459,35.97481
-84.15934,35.89879
-83.89213,35.98845
-83.91877,35.96606
-86.70513,36.29493
-83.99365,35.75069
-89.89427,35.03355
-89.99049,35.13665
-90.05949,35.12498
-86.38252,35.8863
-86.84407,36.14357
-86.77445,36.16222
-86.79842,36.15181
-86.80999,36.15861
-86.8009,36.13652
-86.75706,36.17591
-86.77402,36.15345
-86.75706,36.17591
-86.77949,36.15038
-86.78213,36.15098
-83.57838,35.8061
-85.42112,35.94484
-99.73458,32.45013
-96.85112,32.95308
-96.65885,33.12985
-96.68166,33.09235
-103.66243,30.35732
-101.75507,35.19354
-97.06774,32.75282
-97.76982,30.223
-97.72016,30.38267
-97.72986,30.38004
-97.71974,30.33948
-97.7159,30.39117
-97.74262,30.31006
-97.73027,30.35046
-97.77464,30.24121
-97.80459,30.33569
-97.73684,30.21247
-97.99513,30.23343
-97.84183,30.3138
-97.7057,30.25474
-97.73828,30.26686
-97.74306,30.26715
-97.73824,30.39069
-97.72697,30.26216
-97.73892,30.31869
-97.76238,30.21511
-97.9522,30.22582
-97.76118,30.26209
-97.87454,30.40549
-97.78805,30.16563
-94.27304,30.15697
-98.41556,30.11297
-98.72792,29.78955
-93.89049,30.28522
-96.35046,30.56484
-96.3287,30.6345
-95.43306,30.34652
-98.27482,29.45493
-96.79016,32.79098
-96.83022,32.77863
-96.76816,32.8587
-96.89886,32.86409
-96.82851,32.7964
-96.8162,32.78939
-96.75475,32.87981
-96.79195,32.83346
-96.76938,32.8531
-96.80578,32.80872
-96.79691,32.80896
-95.051317,29.46079
-98.090175,30.19277
-106.56208,31.83679
-106.39241,31.78134
-100.08935,31.40065
-97.415,32.72922
-97.32101,32.64407
-97.32739,32.73722
-97.24762,32.79725
-97.32591,32.73058
-98.8699,30.27331
-96.78765,33.15287
-94.79581,29.30679
-94.79028,29.30513
-96.68135,32.89005
-97.66994,32.41892
-97.04311,32.95712
-95.35578,29.74922
-95.27286,29.77374
-95.40226,29.75589
-95.33469,29.85647
-95.38089,29.78341
-95.4146,29.76962
-95.41812,29.74107
-95.4606,29.80585
-97.74521,30.26873
-95.34107,29.75428
-95.34841,29.7711
-95.42423,29.68475
-95.41492,29.71507
-95.36327,29.76328
-98.41193,30.27768
-95.81638,29.78665
-97.26038,32.96944
-96.24382,32.47421
-97.98669,30.4551
-101.84437,33.5789
-101.8705,33.60525
-97.15039,32.59688
-98.27677,30.5711
-96.61272,33.21434
-98.12271,29.70169
-98.16335,29.68476
-98.12095,26.69882
-98.12661,29.70297
-95.17118,29.6495
-95.83905,30.25622
-97.62839,30.40213
-95.28605,29.56357
-97.06127,27.83536
-96.72053,32.9692
-97.67073,30.5184
-97.67979,30.49011
-96.57601,32.89953
-98.47178,29.4211
-98.51707,29.41843
-98.48729,29.42359
-98.48651,29.55483
-98.47786,29.57645
-98.45701,29.4881
-97.93958,29.87983
-97.16734,29.43309
-97.17357,32.94456
-97.16822,26.10515
-98.15641,30.47547
-95.39906,30.052436
-97.12397,31.540596
-98.091737,29.94119
-98.093036,29.94024
-102.02262,33.49489
-111.4135,40.50829
-110.84075,39.62493
-111.96106,41.06597
-111.94827,41.0817
-111.88809,40.62081
-111.86631,40.62212
-109.55078,38.57241
-109.5482,38.56183
-109.55308,38.57017
-111.97463,41.22072
-111.50292,40.66108
-111.49461,40.64148
-111.98755,41.18455
-111.87676,40.75613
-111.88768,40.75116
-111.91876,40.74494
-111.89679,40.76366
-111.89489,40.76281
-111.91876,40.74494
-111.89964,40.73198
-111.90456,40.55978
-111.93872,40.56232
-113.01573,37.16385
-112.29644,40.56123
-72.50155,44.19698
-73.19705,42.87836
-73.2012,42.8845
-72.12828,43.99264
-72.56103,42.85136
-72.65923,43.58901
-73.07858,44.13317
-73.21404,44.47679
-73.22154,44.45578
-73.21297,44.47706
-73.21574,44.47704
-73.07858,44.13317
-72.26958,44.60852
-72.00286,44.53435
-73.1488,43.99998
-73.1719,44.03487
-73.17101,44.03053
-72.60879,44.55801
-72.30859,43.71513
-72.50495,43.139
-73.23267,44.3662
-73.21315,44.42841
-72.71889,44.47604
-72.74464,44.46557
-72.89188,44.10624
-72.74382,44.35047
-72.40347,43.51403
-81.98858,36.70712
-78.82221,38.019
-77.06369,38.83625
-77.13214,38.80416
-77.0518,38.83729
-77.05884,38.82639
-77.10137,38.808
-77.13277,38.80429
-77.10131,38.82322
-77.06257,38.8395
-77.08663,38.84175
-77.07217,38.89488
-77.45923,39.02498
-77.47483,39.01408
-80.42882,37.2315
-80.40086,37.21556
-77.44489,38.83006
-77.43951,38.82893
-77.52196,38.92552
-78.46891,38.09074
-78.48213,38.02932
-78.68717,38.06947
-78.68146,38.3586
-80.55078,37.14938
-77.17711,38.88614
-78.10067,38.76608
-77.53283,38.28921
-77.4478,38.28006
-80.2192,36.90763
-80.89407,36.68142
-77.66576,37.69803
-76.39518,37.10024
-78.86946,38.44984
-76.37912,37.71133
-77.49478,39.11018
-77.55139,39.11213
-79.4434,37.78287
-79.39226,37.82202
-79.13743,37.41242
-77.99027,39.43387
-77.14367,38.94304
-77.2282,38.86767
-77.73488,38.9683
-77.61793,37.50591
-78.87545,37.88884
-76.29144,36.87228
-76.30414,36.83527
-80.55078,37.14937
-77.35633,38.95943
-77.46033,37.56372
-77.4251,37.53108
-77.61317,37.51141
-77.44284,37.52621
-77.43456,37.53583
-77.44056,37.5394
-79.95758,37.25383
-79.58878,37.01632
-78.91707,37.87126
-78.49529,37.79905
-78.50276,38.57535
-79.07272,38.15001
-77.4099,39.03226
-76.05895,36.78696
-76.23006,36.8561
-77.6519,39.21286
-76.70972,37.27563
-76.65813,37.29464
-76.73406,37.3206
-78.16221,39.18551
-78.16114,39.19164
-78.89245,37.91064
-123.78359,46.96612
-117.59016,47.64028
-122.61256,48.51973
-122.64992,48.45429
-122.20677,48.17361
-122.5295,45.7754
-122.16702,47.6266
-122.19891,47.61514
-122.47915,48.74852
-122.48434,48.75313
-122.46466,48.76019
-119.49333,46.31112
-122.00403,47.32915
-122.16087,47.79447
-122.61358,47.5705
-122.02525,47.16293
-122.33727,47.46689
-122.41895,45.59965
-120.46745,47.52096
-123.00153,46.7351
-122.95046,46.7245
-122.95418,46.71647
-124.25307,48.25896
-117.0495,46.42482
-117.90953,48.54548
-121.759,48.53776
-117.97975,46.3201
-122.15964,48.84972
-120.29313,47.41568
-122.38685,47.80878
-122.37754,47.81042
-120.56488,47.0006
-122.19436,47.94994
-122.22301,47.90741
-122.21377,47.99754
-122.22985,47.95475
-122.59131,48.84671
-123.01456,48.53486
-122.58227,47.31057
-122.21739,47.00826
-122.03709,47.53016
-122.83377,46.05948
-119.11991,46.21141
-122.25209,47.4267
-122.23039,47.36188
-122.23738,47.38028
-118.06028,48.61066
-122.2351,47.77655
-122.57139,47.80343
-122.7658,47.0511
-122.8179,47.03652
-122.47121,48.4202
-122.51553,47.16659
-122.40795,48.03993
-120.65963,47.59618
-124.05397,46.36221
-122.96829,46.14799
-122.93425,46.13741
-122.30104,47.81018
-122.12751,48.05144
-122.14081,48.03571
-122.21194,47.87676
-121.84425,47.85526
-121.97075,47.856
-122.37024,48.43175
-122.33564,48.41927
-120.44869,46.58523
-122.30498,47.94863
-122.2957,47.89548
-122.30396,47.94547
-117.78512,48.91488
-122.60838,48.30746
-118.68898,47.33574
-122.89659,47.04431
-123.00516,48.63437
-119.43122,48.93679
-122.24687,47.25067
-122.66012,47.75074
-122.65782,47.73963
-122.65051,47.74595
-123.43328,48.11929
-123.5,48.1022
-123.46521,48.1065
-123.43187,48.11797
-122.77966,48.10715
-122.75379,48.11555
-119.77056,46.20486
-119.73084,46.21799
-117.17001,46.72773
-117.18092,46.72893
-122.2892,47.18549
-122.22278,47.20266
-122.29232,47.15848
-122.29576,47.19345
-119.94641,47.25161
-117.87789,47.66948
-112.14477,47.68587
-122.10266,47.66398
-118.73817,48.64872
-119.27821,46.27487
-119.22319,46.23484
-119.30056,46.31885
-120.93836,47.19502
-122.31249,47.5203
-122.35278,47.51433
-122.31321,47.65735
-122.30216,47.60802
-122.34995,47.65134
-122.38662,47.56065
-122.31657,47.61413
-122.33365,47.6687
-122.32058,47.55345
-122.33416,47.59798
-122.32073,47.57554
-122.33449,47.57539
-122.34407,47.64877
-122.32572,47.55532
-122.36506,47.65777
-122.33543,47.61219
-122.36475,47.65896
-122.37773,47.6644
-122.3115,47.71232
-122.35528,47.68296
-122.3136,47.52014
-122.37655,47.66367
-122.35531,47.69118
-122.37859,47.66496
-122.35936,47.62574
-122.31347,47.52163
-122.35259,47.51487
-122.33922,47.60798
-122.35549,47.69205
-122.33423,47.5924
-122.3246,47.70858
-122.30038,47.66133
-122.37417,47.66732
-122.33407,47.60905
-122.35771,47.70048
-122.33424,47.5686
-122.3278,47.61393
-122.33215,47.62776
-122.3174,47.66736
-122.33439,47.5924
-122.31249,47.5203
-122.34837,47.66433
-122.29172,47.53502
-122.35907,47.65446
-123.157,48.1029
-123.10034,47.21171
-122.32286,47.74241
-122.69008,47.65899
-122.69067,47.65351
-122.68777,47.65961
-122.08266,47.9354
-121.82444,47.52865
-117.24797,47.67721
-117.38023,47.65791
-117.41451,47.6605
-117.39521,47.66186
-117.42503,47.6552
-121.88466,45.69216
-121.79633,47.86405
-120.0082,46.32849
-122.47554,47.27944
-122.47366,47.2553
-122.4364,47.24369
-122.44579,47.26203
-122.52524,47.25576
-122.44122,47.24591
-122.25775,47.45906
-122.28758,48.11461
-120.14495,48.41383
-122.50619,45.63681
-122.65334,45.61565
-122.67172,45.62879
-122.61361,45.70881
-122.67239,45.62799
-122.48705,45.63893
-122.5042,45.61633
-122.46407,47.40341
-118.15075,46.27011
-118.33532,46.06955
-118.31528,46.08051
-120.32916,47.42764
-120.4642,47.52309
-124.10429,46.89036
-121.48583,45.72761
-120.19825,48.47952
-122.1538,47.78172
-122.14828,47.76627
-122.1471,47.73287
-122.16835,47.75643
-120.54837,46.61798
-79.46571,39.12866
-81.11368,38.01651
-77.98879,39.4338
-79.95508,39.63216
-79.95657,39.63192
-81.53313,39.28759
-79.49925,39.13919
-78.59698,39.07566
-89.2797,44.4419
-88.41417,44.26169
-88.47097,44.273
-88.40307,44.25318
-88.4512,44.26173
-89.9325,43.17158
-90.89203,46.58762
-87.90116,42.99867
-88.21717,42.91442
-90.85112,44.29293
-87.82054,42.79917
-87.98035,43.29395
-88.16289,44.02931
-91.39647,44.94448
-89.01521,43.33906
-89.65282,43.11418
-87.86341,42.95911
-91.81652,45.25924
-88.06401,44.42806
-88.10696,44.43023
-88.35633,43.04914
-88.36685,43.05211
-91.495497,44.8167
-91.44039,44.77928
-91.46109,44.78266
-87.27884,45.04829
-89.42371,43.01805
-88.24983,45.9224
-91.71729,44.13139
-87.98838,42.86161
-87.91977,43.10005
-87.94127,43.32006
-87.93079,43.3202
-87.95052,43.31984
-88.06126,44.55758
-88.01917,44.51894
-88.01917,44.51894
-88.08267,44.46836
-88.09864,44.55368
-88.01734,44.51853
-91.48922,46.01054
-91.4605,46.00206
-89.04972,42.67921
-87.82023,42.58325
-87.8179,42.5854
-91.25355,43.80442
-91.23684,43.83361
-88.40957,42.58226
-88.89665,43.08619
-89.32527,43.12575
-89.30885,43.06039
-89.47628,43.08456
-89.50328,43.0566
-89.28249,43.08828
-89.38086,43.07416
-89.45255,43.07096
-89.36614,43.08206
-89.40085,43.06207
-89.30523,43.06676
-89.47363,43.05276
-87.6578,44.08883
-87.69459,45.06256
-90.17889,44.65973
-91.93001,44.8774
-91.93932,44.87562
-87.924,43.21631
-89.51588,43.09452
-87.90912,43.03402
-87.90647,43.0389
-87.91492,43.0432
-87.91163,43.00778
-87.92412,43.04954
-87.90576,43.05498
-87.96194,43.04449
-87.90924,43.03295
-87.91303,43.0249
-87.96125,43.162
-87.91169,43.03934
-87.90237,43.06749
-87.91107,43.04463
-90.17699,42.85726
-89.71035,45.87265
-89.64223,42.60004
-89.73841,43.00822
-88.1079,42.9552
-89.63048,42.81692
-89.63027,42.79447
-92.5371,45.12098
-87.9433,42.86749
-88.5374,43.12652
-88.56107,44.03632
-88.54962,44.01924
-87.90011,45.61566
-90.48014,42.73493
-89.52297,44.45154
-87.87439,43.38935
-90.72971,42.6628
-90.01011,43.53252
-89.41286,45.63802
-89.41275,45.63715
-92.63772,44.89024
-88.60944,44.77306
-87.72294,43.75935
-87.7229,43.75884
-87.88742,43.09873
-90.06384,43.1751
-87.87549,42.97435
-89.57425,44.51049
-92.06437,46.7204
-92.10199,46.72675
-90.23928,44.84481
-89.51755,42.97733
-89.61803,44.95141
-89.66446,44.95186
-89.62338,44.9587
-88.1812,43.42132
-88.15784,43.43134
-88.71329,42.83219
-92.17632,44.93023
-89.79199,43.58906
-89.74292,43.6293
-89.852565,44.40916
-90.802208,43.08978
-106.69873,44.3461
-106.32521,42.84793
-104.81646,41.13207
-110.76506,43.48286
-110.76116,43.47865
-108.72788,42.83242
-108.72583,42.83197
-105.59493,41.31092
-105.57599,41.30996
-109.86701,42.86662
-109.21827,41.58685
-106.80845,41.45477
-106.80122,41.45338
-106.95371,44.801
-106.95577,44.80066
-110.87612,43.49965
-115.572782,51.178159
-113.953083,50.985095
-114.074269,51.042693
-114.203976,51.128052
-114.068674,51.053379
-113.956548,51.003652
-114.046424,50.942907
-114.123583,51.018068
-114.035021,51.009486
-115.356496,51.089214
-113.486903,53.514223
-113.59449,53.519476
-113.521902,53.54625
-113.500962,53.543527
-118.082205,52.874639
-113.844016,52.295938
-122.4689,49.0979
-122.9277,49.25665
-123.0181,49.25635
-122.97923,49.20574
-125.24816,50.0246
-122.00243,49.14708
-122.84671,49.23715
-116.51343,49.08824
-123.70828,48.77733
-120.37363,50.66916
-119.48848,49.89579
-119.40518,49.90118
-119.48847,49.89496
-119.48848,49.89579
-122.3426,49.13232
-123.9317,49.14175
-124.0364,49.22496
-117.29042,49.48824
-123.10233,49.32382
-119.46626,49.03283
-119.58405,49.46968
-119.59319,49.48251
-119.6098,49.49439
-124.5512,49.87428
-118.19935,51.00122
-123.06531,49.13456
-119.2851,50.69959
-127.16162,54.77852
-119.45853,50.87692
-123.15627,49.69513
-122.7711,49.02019
-122.84916,49.18772
-122.85228,49.14452
-122.86176,49.14818
-123.13191,49.26954
-123.1355,49.27031
-123.09535,49.28127
-123.11066,49.28466
-123.102884,49.267345
-123.1207,49.27546
-119.267856,50.26185
-123.36929,48.428482
-123.370457,48.429529
-123.373678,48.437717
-123.375103,48.434983
-123.367175,48.431977
-123.367274,48.434528
-123.384682,48.429485
-123.156918,49.328782
-122.953932,50.118643
-123.039143,50.08802
-96.636922,49.885181
-97.215275,49.891349
-97.205933,49.838587
-64.77538,46.089777
-64.767376,46.109289
-66.0967,45.256944
-66.060976,45.271456
-52.701129,47.576727
-52.709511,47.562148
-61.015037,45.331198
-63.601056,44.671451
-63.606114,44.660765
-63.581499,44.650703
-63.575421,44.643416
-64.496515,45.077868
-64.407402,45.098495
-64.35824,45.091905
-66.122492,43.829725
-76.033738,45.156774
-79.68669,44.389364
-79.11222,45.150801
-79.758121,43.687553
-79.802899,43.342105
-79.797157,43.323644
-80.313943,43.356218
-77.797881,44.308267
-76.130855,45.127952
-76.130855,45.127952
-79.504042,43.622699
-80.352353,43.566212
-80.321629,43.532991
-80.61902,43.52214
-76.481465,44.229426
-81.251742,42.992725
-79.6532,43.518721
-79.592939,43.549635
-75.426693,45.420936
-81.003738,44.07449
-79.109965,43.089253
-79.641154,43.904031
-79.68035,43.469241
-79.677892,43.474136
-79.710173,43.426052
-80.107899,43.912388
-75.712249,45.328441
-75.691256,45.408068
-75.749842,45.376434
-78.320085,44.305069
-78.326594,44.302923
-77.123791,44.020159
-79.245391,43.156443
-79.245365,43.156533
-81.193121,42.779721
-80.983032,43.35186
-89.256506,48.409989
-81.54411,44.26788
-79.400412,43.63848
-79.420259,43.647331
-79.373544,43.648538
-79.515491,43.774103
-79.516461,43.6133
-79.510838,43.618502
-79.377542,43.651434
-79.389607,43.708527
-79.360847,43.650495
-79.386472,43.641726
-77.572059,44.103495
-74.637908,45.517589
-79.543842,43.797017
-79.392047,44.921012
-79.126545,43.215713
-80.519841,43.460693
-80.522828,43.466884
-80.858946,44.10926
-82.967983,42.307439
-83.011668,42.32459
-63.125725,46.233729
-67.435003,48.465866
-70.511889,47.441789
-72.642787,45.316274
-73.428652,45.443624
-73.285912,45.446336
-73.261818,45.441722
-72.80068,45.129823
-72.935867,45.356707
-71.602131,45.753001
-73.417658,45.832953
-71.309058,46.937192
-74.413817,45.678129
-73.791116,45.564274
-72.155549,45.266249
-67.529438,48.846248
-74.6017,46.11833
-74.57149,46.118978
-73.568289,45.515067
-73.57927,45.517067
-73.592258,45.468089
-73.574149,45.496411
-73.592557,45.52326
-73.605193,45.523974
-73.566592,45.516518
-73.573568,45.550272
-73.564009,45.518339
-73.564593,45.515612
-71.203182,46.816792
-71.217951,46.818077
-70.880345,48.344209
-71.052244,48.428804
-71.256576,48.410105
-73.151169,46.462429
-70.963314,46.972549
-72.753647,46.539568
-72.744293,46.541073
-72.141839,45.660807
-71.891159,45.400892
-71.88445,45.277185
-69.867541,47.566093
-72.94717,45.62664
-72.563573,46.725432
-72.577032,46.350855
-105.547664,50.385172
-104.59518,50.44801
-104.617583,50.509419
-104.664033,50.484047
-104.618194,50.41255
-104.557016,50.447193
-104.612376,50.455121
-104.537766,50.448158
-104.555571,50.433418
-104.59518,50.44801
-104.617992,50.477414
-104.642431,50.496566
-106.598934,52.137618
-106.70752,52.129301
-106.728134,52.130194
-106.644979,52.161094
-106.660557,52.13553
-106.656395,52.118798
-106.624675,52.114781
-106.704221,52.129286
-106.597502,52.13005
-106.587129,52.114712
-107.799496,50.280365
-102.471343,51.210157
-135.078326,60.737857
-109.696503,23.062819
-98.231605,19.032779
-99.229869,19.519552
-99.125123,19.48672
-109.4524,27.077221
-115.4673,32.65498
-116.616158,32.574255
-103.403233,20.738007
-117.018204,32.533489
-100.31115,25.685535
-105.27422,21.022483
